TCR;CDR3 beta;TRBD;TRBJ;TRBV;CDR3 alpha;TRAJ;TRAV;Specificity
SYTL4-TIL1;CASSLGNYYQETQYF;2*01;2-5*01;7-8*01;CAYRSARGSQGNLIF;42*01;38-2/DV8*01;SYTL4
SYTL4-TIL2;CASSWGGAVGDTQYF;2*01;2-3*01;27*01;CAAGGTSYGKLTF;52*01;35*02;SYTL4
SYTL4-PBC1;CASTIAASGYQETQYF;2*01;2-5*01;6-2*01;CALYTFYNTDKLIF;34*01;9-2*02;SYTL4
SYTL4-PBC2;CASSSRGPTDTQYF;1*01;2-3*01;12-3*01;CAVGVLRGDMRF;43*01;8-3*01;SYTL4
KIF2C-PBC1;CASSLTRMGDRGEFF;2*01F;2-1*01F;7-6*01F;CAMREQNNNARLMF;31*01F;14/DV4*02F;KIF2C
KIF2C-PBC2;CAISDTSGGLWTDTQYF;1*01F;2-3*01F;10-3*02F;CAVKERASGGSYIPTF;6*01F;12-2*01F;KIF2C
JU1;CASSFGTDHYGYTF;1*01;TRBJ1-2*01;TRBV12-3*01;CVVNLGMDSSYKLIF;TRAJ12*01;TRAV12-1*01;KIF2C
JU2;CSARDPGRGVGNTIYF;2*02;TRBJ1-3*01;TRBV20-1*01;CAGLDRPSGTYKYIF;TRAJ40*01;TRAV35*02;KIF2C
4JU;CASSRIGPALGYEQYF;1*01;TRBJ2-7*01;TRBV4-1*01;CAMSAWSNDYKLSF;TRAJ20*01;TRAV12-3*01;EBV
3JU;CASSQAGGETYEQYF;nonsp;TRBJ2-7;TRBV4-3;CAVRDRFMNTGFQKLVF;TRAJ8;TRAV3;nonsp